s_no,station,location_name,plot_type,period,ymin,ymax
1,C_LWSTN,Trinity River Flow below Lewiston,exceedance,Jan,,
2,C_LWSTN,Trinity River Flow below Lewiston,exceedance,Feb,,
3,C_LWSTN,Trinity River Flow below Lewiston,exceedance,Mar,,
4,C_LWSTN,Trinity River Flow below Lewiston,exceedance,Apr,,
5,C_LWSTN,Trinity River Flow below Lewiston,exceedance,May,,
6,C_LWSTN,Trinity River Flow below Lewiston,exceedance,Jun,,
7,C_LWSTN,Trinity River Flow below Lewiston,exceedance,Jul,,
8,C_LWSTN,Trinity River Flow below Lewiston,exceedance,Aug,,
9,C_LWSTN,Trinity River Flow below Lewiston,exceedance,Sep,,
10,C_LWSTN,Trinity River Flow below Lewiston,exceedance,Oct,365,385
11,C_LWSTN,Trinity River Flow below Lewiston,exceedance,Nov,150,3200
12,C_LWSTN,Trinity River Flow below Lewiston,exceedance,Dec,,7000
13,C_LWSTN,Trinity River Flow below Lewiston,monthly,Full Simulation Period,,
14,C_LWSTN,Trinity River Flow below Lewiston,monthly,Extremely Wet,,
15,C_LWSTN,Trinity River Flow below Lewiston,monthly,Wet,,
16,C_LWSTN,Trinity River Flow below Lewiston,monthly,Normal,,
17,C_LWSTN,Trinity River Flow below Lewiston,monthly,Dry,,
18,C_LWSTN,Trinity River Flow below Lewiston,monthly,Critically Dry,,
19,C_CLR011,Clear Creek below Whiskeytown Dam Flow,exceedance,Jan,,
20,C_CLR011,Clear Creek below Whiskeytown Dam Flow,exceedance,Feb,,
21,C_CLR011,Clear Creek below Whiskeytown Dam Flow,exceedance,Mar,,
22,C_CLR011,Clear Creek below Whiskeytown Dam Flow,exceedance,Apr,,
23,C_CLR011,Clear Creek below Whiskeytown Dam Flow,exceedance,May,,
24,C_CLR011,Clear Creek below Whiskeytown Dam Flow,exceedance,Jun,,
25,C_CLR011,Clear Creek below Whiskeytown Dam Flow,exceedance,Jul,,
26,C_CLR011,Clear Creek below Whiskeytown Dam Flow,exceedance,Aug,,
27,C_CLR011,Clear Creek below Whiskeytown Dam Flow,exceedance,Sep,,
28,C_CLR011,Clear Creek below Whiskeytown Dam Flow,exceedance,Oct,,
29,C_CLR011,Clear Creek below Whiskeytown Dam Flow,exceedance,Nov,,
30,C_CLR011,Clear Creek below Whiskeytown Dam Flow,exceedance,Dec,,
31,C_CLR011,Clear Creek below Whiskeytown Dam Flow,monthly,Full Simulation Period,,
32,C_CLR011,Clear Creek below Whiskeytown Dam Flow,monthly,Wet,,
33,C_CLR011,Clear Creek below Whiskeytown Dam Flow,monthly,Above Normal,,
34,C_CLR011,Clear Creek below Whiskeytown Dam Flow,monthly,Below Normal,,
35,C_CLR011,Clear Creek below Whiskeytown Dam Flow,monthly,Dry,,
36,C_CLR011,Clear Creek below Whiskeytown Dam Flow,monthly,Critical,,
37,C_KSWCK,Sacramento River Flow downstream of Keswick Reservoir,exceedance,Jan,,
38,C_KSWCK,Sacramento River Flow downstream of Keswick Reservoir,exceedance,Feb,,
39,C_KSWCK,Sacramento River Flow downstream of Keswick Reservoir,exceedance,Mar,,
40,C_KSWCK,Sacramento River Flow downstream of Keswick Reservoir,exceedance,Apr,,
41,C_KSWCK,Sacramento River Flow downstream of Keswick Reservoir,exceedance,May,,
42,C_KSWCK,Sacramento River Flow downstream of Keswick Reservoir,exceedance,Jun,,
43,C_KSWCK,Sacramento River Flow downstream of Keswick Reservoir,exceedance,Jul,,
44,C_KSWCK,Sacramento River Flow downstream of Keswick Reservoir,exceedance,Aug,,
45,C_KSWCK,Sacramento River Flow downstream of Keswick Reservoir,exceedance,Sep,,
46,C_KSWCK,Sacramento River Flow downstream of Keswick Reservoir,exceedance,Oct,,
47,C_KSWCK,Sacramento River Flow downstream of Keswick Reservoir,exceedance,Nov,,
48,C_KSWCK,Sacramento River Flow downstream of Keswick Reservoir,exceedance,Dec,,
49,C_KSWCK,Sacramento River Flow downstream of Keswick Reservoir,monthly,Full Simulation Period,,
50,C_KSWCK,Sacramento River Flow downstream of Keswick Reservoir,monthly,Wet,,
51,C_KSWCK,Sacramento River Flow downstream of Keswick Reservoir,monthly,Above Normal,,
52,C_KSWCK,Sacramento River Flow downstream of Keswick Reservoir,monthly,Below Normal,,
53,C_KSWCK,Sacramento River Flow downstream of Keswick Reservoir,monthly,Dry,,
54,C_KSWCK,Sacramento River Flow downstream of Keswick Reservoir,monthly,Critical,,
55,C_SAC257,Sacramento River Flow at Bend Bridge,exceedance,Jan,,
56,C_SAC257,Sacramento River Flow at Bend Bridge,exceedance,Feb,,
57,C_SAC257,Sacramento River Flow at Bend Bridge,exceedance,Mar,,
58,C_SAC257,Sacramento River Flow at Bend Bridge,exceedance,Apr,,
59,C_SAC257,Sacramento River Flow at Bend Bridge,exceedance,May,,
60,C_SAC257,Sacramento River Flow at Bend Bridge,exceedance,Jun,,
61,C_SAC257,Sacramento River Flow at Bend Bridge,exceedance,Jul,,
62,C_SAC257,Sacramento River Flow at Bend Bridge,exceedance,Aug,,
63,C_SAC257,Sacramento River Flow at Bend Bridge,exceedance,Sep,,
64,C_SAC257,Sacramento River Flow at Bend Bridge,exceedance,Oct,,
65,C_SAC257,Sacramento River Flow at Bend Bridge,exceedance,Nov,,
66,C_SAC257,Sacramento River Flow at Bend Bridge,exceedance,Dec,,
67,C_SAC257,Sacramento River Flow at Bend Bridge,monthly,Full Simulation Period,,
68,C_SAC257,Sacramento River Flow at Bend Bridge,monthly,Wet,,
69,C_SAC257,Sacramento River Flow at Bend Bridge,monthly,Above Normal,,
70,C_SAC257,Sacramento River Flow at Bend Bridge,monthly,Below Normal,,
71,C_SAC257,Sacramento River Flow at Bend Bridge,monthly,Dry,,
72,C_SAC257,Sacramento River Flow at Bend Bridge,monthly,Critical,,
73,C_SAC240,Sacramento River below Red Bluff Diversion Dam Flow,exceedance,Jan,,
74,C_SAC240,Sacramento River below Red Bluff Diversion Dam Flow,exceedance,Feb,,
75,C_SAC240,Sacramento River below Red Bluff Diversion Dam Flow,exceedance,Mar,,
76,C_SAC240,Sacramento River below Red Bluff Diversion Dam Flow,exceedance,Apr,,
77,C_SAC240,Sacramento River below Red Bluff Diversion Dam Flow,exceedance,May,,
78,C_SAC240,Sacramento River below Red Bluff Diversion Dam Flow,exceedance,Jun,,
79,C_SAC240,Sacramento River below Red Bluff Diversion Dam Flow,exceedance,Jul,,
80,C_SAC240,Sacramento River below Red Bluff Diversion Dam Flow,exceedance,Aug,,
81,C_SAC240,Sacramento River below Red Bluff Diversion Dam Flow,exceedance,Sep,,
82,C_SAC240,Sacramento River below Red Bluff Diversion Dam Flow,exceedance,Oct,,
83,C_SAC240,Sacramento River below Red Bluff Diversion Dam Flow,exceedance,Nov,,
84,C_SAC240,Sacramento River below Red Bluff Diversion Dam Flow,exceedance,Dec,,
85,C_SAC240,Sacramento River below Red Bluff Diversion Dam Flow,monthly,Full Simulation Period,,
86,C_SAC240,Sacramento River below Red Bluff Diversion Dam Flow,monthly,Wet,,
87,C_SAC240,Sacramento River below Red Bluff Diversion Dam Flow,monthly,Above Normal,,
88,C_SAC240,Sacramento River below Red Bluff Diversion Dam Flow,monthly,Below Normal,,
89,C_SAC240,Sacramento River below Red Bluff Diversion Dam Flow,monthly,Dry,,
90,C_SAC240,Sacramento River below Red Bluff Diversion Dam Flow,monthly,Critical,,
91,C_SAC201,Sacramento River Flow at Hamilton City,exceedance,Jan,,
92,C_SAC201,Sacramento River Flow at Hamilton City,exceedance,Feb,,
93,C_SAC201,Sacramento River Flow at Hamilton City,exceedance,Mar,,
94,C_SAC201,Sacramento River Flow at Hamilton City,exceedance,Apr,,
95,C_SAC201,Sacramento River Flow at Hamilton City,exceedance,May,,
96,C_SAC201,Sacramento River Flow at Hamilton City,exceedance,Jun,,
97,C_SAC201,Sacramento River Flow at Hamilton City,exceedance,Jul,,
98,C_SAC201,Sacramento River Flow at Hamilton City,exceedance,Aug,,
99,C_SAC201,Sacramento River Flow at Hamilton City,exceedance,Sep,,
100,C_SAC201,Sacramento River Flow at Hamilton City,exceedance,Oct,,
101,C_SAC201,Sacramento River Flow at Hamilton City,exceedance,Nov,,
102,C_SAC201,Sacramento River Flow at Hamilton City,exceedance,Dec,,
103,C_SAC201,Sacramento River Flow at Hamilton City,monthly,Full Simulation Period,,
104,C_SAC201,Sacramento River Flow at Hamilton City,monthly,Wet,,
105,C_SAC201,Sacramento River Flow at Hamilton City,monthly,Above Normal,,
106,C_SAC201,Sacramento River Flow at Hamilton City,monthly,Below Normal,,
107,C_SAC201,Sacramento River Flow at Hamilton City,monthly,Dry,,
108,C_SAC201,Sacramento River Flow at Hamilton City,monthly,Critical,,
109,C_SAC120,Sacramento River at Wilkins Slough Flow,exceedance,Jan,,
110,C_SAC120,Sacramento River at Wilkins Slough Flow,exceedance,Feb,,
111,C_SAC120,Sacramento River at Wilkins Slough Flow,exceedance,Mar,,
112,C_SAC120,Sacramento River at Wilkins Slough Flow,exceedance,Apr,,
113,C_SAC120,Sacramento River at Wilkins Slough Flow,exceedance,May,,
114,C_SAC120,Sacramento River at Wilkins Slough Flow,exceedance,Jun,,
115,C_SAC120,Sacramento River at Wilkins Slough Flow,exceedance,Jul,,
116,C_SAC120,Sacramento River at Wilkins Slough Flow,exceedance,Aug,,
117,C_SAC120,Sacramento River at Wilkins Slough Flow,exceedance,Sep,,
118,C_SAC120,Sacramento River at Wilkins Slough Flow,exceedance,Oct,,
119,C_SAC120,Sacramento River at Wilkins Slough Flow,exceedance,Nov,,
120,C_SAC120,Sacramento River at Wilkins Slough Flow,exceedance,Dec,,
121,C_SAC120,Sacramento River at Wilkins Slough Flow,monthly,Full Simulation Period,,
122,C_SAC120,Sacramento River at Wilkins Slough Flow,monthly,Wet,,
123,C_SAC120,Sacramento River at Wilkins Slough Flow,monthly,Above Normal,,
124,C_SAC120,Sacramento River at Wilkins Slough Flow,monthly,Below Normal,,
125,C_SAC120,Sacramento River at Wilkins Slough Flow,monthly,Dry,,
126,C_SAC120,Sacramento River at Wilkins Slough Flow,monthly,Critical,,
127,C_FTR059,Feather River Flow downstream of Thermalito,exceedance,Jan,,
128,C_FTR059,Feather River Flow downstream of Thermalito,exceedance,Feb,,
129,C_FTR059,Feather River Flow downstream of Thermalito,exceedance,Mar,,
130,C_FTR059,Feather River Flow downstream of Thermalito,exceedance,Apr,,
131,C_FTR059,Feather River Flow downstream of Thermalito,exceedance,May,,
132,C_FTR059,Feather River Flow downstream of Thermalito,exceedance,Jun,,
133,C_FTR059,Feather River Flow downstream of Thermalito,exceedance,Jul,,
134,C_FTR059,Feather River Flow downstream of Thermalito,exceedance,Aug,,
135,C_FTR059,Feather River Flow downstream of Thermalito,exceedance,Sep,,
136,C_FTR059,Feather River Flow downstream of Thermalito,exceedance,Oct,,
137,C_FTR059,Feather River Flow downstream of Thermalito,exceedance,Nov,,
138,C_FTR059,Feather River Flow downstream of Thermalito,exceedance,Dec,,
139,C_FTR059,Feather River Flow downstream of Thermalito,monthly,Full Simulation Period,,
140,C_FTR059,Feather River Flow downstream of Thermalito,monthly,Wet,,
141,C_FTR059,Feather River Flow downstream of Thermalito,monthly,Above Normal,,
142,C_FTR059,Feather River Flow downstream of Thermalito,monthly,Below Normal,,
143,C_FTR059,Feather River Flow downstream of Thermalito,monthly,Dry,,
144,C_FTR059,Feather River Flow downstream of Thermalito,monthly,Critical,,
145,C_FTR003,Feather River at Sacramento River Confluence Flow,exceedance,Jan,,
146,C_FTR003,Feather River at Sacramento River Confluence Flow,exceedance,Feb,,
147,C_FTR003,Feather River at Sacramento River Confluence Flow,exceedance,Mar,,
148,C_FTR003,Feather River at Sacramento River Confluence Flow,exceedance,Apr,,
149,C_FTR003,Feather River at Sacramento River Confluence Flow,exceedance,May,,
150,C_FTR003,Feather River at Sacramento River Confluence Flow,exceedance,Jun,,
151,C_FTR003,Feather River at Sacramento River Confluence Flow,exceedance,Jul,,
152,C_FTR003,Feather River at Sacramento River Confluence Flow,exceedance,Aug,,
153,C_FTR003,Feather River at Sacramento River Confluence Flow,exceedance,Sep,,
154,C_FTR003,Feather River at Sacramento River Confluence Flow,exceedance,Oct,,
155,C_FTR003,Feather River at Sacramento River Confluence Flow,exceedance,Nov,,
156,C_FTR003,Feather River at Sacramento River Confluence Flow,exceedance,Dec,,
157,C_FTR003,Feather River at Sacramento River Confluence Flow,monthly,Full Simulation Period,,
158,C_FTR003,Feather River at Sacramento River Confluence Flow,monthly,Wet,,
159,C_FTR003,Feather River at Sacramento River Confluence Flow,monthly,Above Normal,,
160,C_FTR003,Feather River at Sacramento River Confluence Flow,monthly,Below Normal,,
161,C_FTR003,Feather River at Sacramento River Confluence Flow,monthly,Dry,,
162,C_FTR003,Feather River at Sacramento River Confluence Flow,monthly,Critical,,
163,SP_SAC083_YBP037,Fremont Weir Spills,exceedance,Jan,,
164,SP_SAC083_YBP037,Fremont Weir Spills,exceedance,Feb,,
165,SP_SAC083_YBP037,Fremont Weir Spills,exceedance,Mar,,
166,SP_SAC083_YBP037,Fremont Weir Spills,exceedance,Apr,,
167,SP_SAC083_YBP037,Fremont Weir Spills,exceedance,May,,
168,SP_SAC083_YBP037,Fremont Weir Spills,exceedance,Jun,,
169,SP_SAC083_YBP037,Fremont Weir Spills,exceedance,Jul,,
170,SP_SAC083_YBP037,Fremont Weir Spills,exceedance,Aug,,
171,SP_SAC083_YBP037,Fremont Weir Spills,exceedance,Sep,,
172,SP_SAC083_YBP037,Fremont Weir Spills,exceedance,Oct,,
173,SP_SAC083_YBP037,Fremont Weir Spills,exceedance,Nov,,
174,SP_SAC083_YBP037,Fremont Weir Spills,exceedance,Dec,,
175,SP_SAC083_YBP037,Fremont Weir Spills,monthly,Full Simulation Period,,
176,SP_SAC083_YBP037,Fremont Weir Spills,monthly,Wet,,
177,SP_SAC083_YBP037,Fremont Weir Spills,monthly,Above Normal,,
178,SP_SAC083_YBP037,Fremont Weir Spills,monthly,Below Normal,,
179,SP_SAC083_YBP037,Fremont Weir Spills,monthly,Dry,,
180,SP_SAC083_YBP037,Fremont Weir Spills,monthly,Critical,,
181,C_YBP020,Yolo Bypass Flow,exceedance,Jan,,
182,C_YBP020,Yolo Bypass Flow,exceedance,Feb,,
183,C_YBP020,Yolo Bypass Flow,exceedance,Mar,,
184,C_YBP020,Yolo Bypass Flow,exceedance,Apr,,
185,C_YBP020,Yolo Bypass Flow,exceedance,May,,
186,C_YBP020,Yolo Bypass Flow,exceedance,Jun,,
187,C_YBP020,Yolo Bypass Flow,exceedance,Jul,,
188,C_YBP020,Yolo Bypass Flow,exceedance,Aug,,
189,C_YBP020,Yolo Bypass Flow,exceedance,Sep,,
190,C_YBP020,Yolo Bypass Flow,exceedance,Oct,,
191,C_YBP020,Yolo Bypass Flow,exceedance,Nov,,
192,C_YBP020,Yolo Bypass Flow,exceedance,Dec,,
193,C_YBP020,Yolo Bypass Flow,monthly,Full Simulation Period,,
194,C_YBP020,Yolo Bypass Flow,monthly,Wet,,
195,C_YBP020,Yolo Bypass Flow,monthly,Above Normal,,
196,C_YBP020,Yolo Bypass Flow,monthly,Below Normal,,
197,C_YBP020,Yolo Bypass Flow,monthly,Dry,,
198,C_YBP020,Yolo Bypass Flow,monthly,Critical,,
199,C_NTOMA,American River below Nimbus Dam Flow,exceedance,Jan,,
200,C_NTOMA,American River below Nimbus Dam Flow,exceedance,Feb,,
201,C_NTOMA,American River below Nimbus Dam Flow,exceedance,Mar,,
202,C_NTOMA,American River below Nimbus Dam Flow,exceedance,Apr,,
203,C_NTOMA,American River below Nimbus Dam Flow,exceedance,May,,
204,C_NTOMA,American River below Nimbus Dam Flow,exceedance,Jun,,
205,C_NTOMA,American River below Nimbus Dam Flow,exceedance,Jul,,
206,C_NTOMA,American River below Nimbus Dam Flow,exceedance,Aug,,
207,C_NTOMA,American River below Nimbus Dam Flow,exceedance,Sep,,
208,C_NTOMA,American River below Nimbus Dam Flow,exceedance,Oct,,
209,C_NTOMA,American River below Nimbus Dam Flow,exceedance,Nov,,
210,C_NTOMA,American River below Nimbus Dam Flow,exceedance,Dec,,
211,C_NTOMA,American River below Nimbus Dam Flow,monthly,Full Simulation Period,,
212,C_NTOMA,American River below Nimbus Dam Flow,monthly,Wet,,
213,C_NTOMA,American River below Nimbus Dam Flow,monthly,Above Normal,,
214,C_NTOMA,American River below Nimbus Dam Flow,monthly,Below Normal,,
215,C_NTOMA,American River below Nimbus Dam Flow,monthly,Dry,,
216,C_NTOMA,American River below Nimbus Dam Flow,monthly,Critical,,
217,C_AMR004,American River at H Street,exceedance,Jan,,
218,C_AMR004,American River at H Street,exceedance,Feb,,
219,C_AMR004,American River at H Street,exceedance,Mar,,
220,C_AMR004,American River at H Street,exceedance,Apr,,
221,C_AMR004,American River at H Street,exceedance,May,,
222,C_AMR004,American River at H Street,exceedance,Jun,,
223,C_AMR004,American River at H Street,exceedance,Jul,,
224,C_AMR004,American River at H Street,exceedance,Aug,,
225,C_AMR004,American River at H Street,exceedance,Sep,,
226,C_AMR004,American River at H Street,exceedance,Oct,,
227,C_AMR004,American River at H Street,exceedance,Nov,,
228,C_AMR004,American River at H Street,exceedance,Dec,,
229,C_AMR004,American River at H Street,monthly,Full Simulation Period,,
230,C_AMR004,American River at H Street,monthly,Wet,,
231,C_AMR004,American River at H Street,monthly,Above Normal,,
232,C_AMR004,American River at H Street,monthly,Below Normal,,
233,C_AMR004,American River at H Street,monthly,Dry,,
234,C_AMR004,American River at H Street,monthly,Critical,,
235,C_SAC048,Sacramento River Flow at Freeport,exceedance,Jan,,
236,C_SAC048,Sacramento River Flow at Freeport,exceedance,Feb,,
237,C_SAC048,Sacramento River Flow at Freeport,exceedance,Mar,,
238,C_SAC048,Sacramento River Flow at Freeport,exceedance,Apr,,
239,C_SAC048,Sacramento River Flow at Freeport,exceedance,May,,
240,C_SAC048,Sacramento River Flow at Freeport,exceedance,Jun,,
241,C_SAC048,Sacramento River Flow at Freeport,exceedance,Jul,,
242,C_SAC048,Sacramento River Flow at Freeport,exceedance,Aug,,
243,C_SAC048,Sacramento River Flow at Freeport,exceedance,Sep,,
244,C_SAC048,Sacramento River Flow at Freeport,exceedance,Oct,,
245,C_SAC048,Sacramento River Flow at Freeport,exceedance,Nov,,
246,C_SAC048,Sacramento River Flow at Freeport,exceedance,Dec,,
247,C_SAC048,Sacramento River Flow at Freeport,monthly,Full Simulation Period,,
248,C_SAC048,Sacramento River Flow at Freeport,monthly,Wet,,
249,C_SAC048,Sacramento River Flow at Freeport,monthly,Above Normal,,
250,C_SAC048,Sacramento River Flow at Freeport,monthly,Below Normal,,
251,C_SAC048,Sacramento River Flow at Freeport,monthly,Dry,,
252,C_SAC048,Sacramento River Flow at Freeport,monthly,Critical,,
253,C_SAC007,Sacramento River Flow at Rio Vista,exceedance,Jan,,
254,C_SAC007,Sacramento River Flow at Rio Vista,exceedance,Feb,,
255,C_SAC007,Sacramento River Flow at Rio Vista,exceedance,Mar,,
256,C_SAC007,Sacramento River Flow at Rio Vista,exceedance,Apr,,
257,C_SAC007,Sacramento River Flow at Rio Vista,exceedance,May,,
258,C_SAC007,Sacramento River Flow at Rio Vista,exceedance,Jun,,
259,C_SAC007,Sacramento River Flow at Rio Vista,exceedance,Jul,,
260,C_SAC007,Sacramento River Flow at Rio Vista,exceedance,Aug,,
261,C_SAC007,Sacramento River Flow at Rio Vista,exceedance,Sep,,
262,C_SAC007,Sacramento River Flow at Rio Vista,exceedance,Oct,,
263,C_SAC007,Sacramento River Flow at Rio Vista,exceedance,Nov,,
264,C_SAC007,Sacramento River Flow at Rio Vista,exceedance,Dec,,
265,C_SAC007,Sacramento River Flow at Rio Vista,monthly,Full Simulation Period,,
266,C_SAC007,Sacramento River Flow at Rio Vista,monthly,Wet,,
267,C_SAC007,Sacramento River Flow at Rio Vista,monthly,Above Normal,,
268,C_SAC007,Sacramento River Flow at Rio Vista,monthly,Below Normal,,
269,C_SAC007,Sacramento River Flow at Rio Vista,monthly,Dry,,
270,C_SAC007,Sacramento River Flow at Rio Vista,monthly,Critical,,
271,C_SJR225,San Joaquin River Flow at Gravelly Ford,exceedance,Jan,,
272,C_SJR225,San Joaquin River Flow at Gravelly Ford,exceedance,Feb,,
273,C_SJR225,San Joaquin River Flow at Gravelly Ford,exceedance,Mar,,
274,C_SJR225,San Joaquin River Flow at Gravelly Ford,exceedance,Apr,,
275,C_SJR225,San Joaquin River Flow at Gravelly Ford,exceedance,May,,
276,C_SJR225,San Joaquin River Flow at Gravelly Ford,exceedance,Jun,,
277,C_SJR225,San Joaquin River Flow at Gravelly Ford,exceedance,Jul,,
278,C_SJR225,San Joaquin River Flow at Gravelly Ford,exceedance,Aug,,
279,C_SJR225,San Joaquin River Flow at Gravelly Ford,exceedance,Sep,,
280,C_SJR225,San Joaquin River Flow at Gravelly Ford,exceedance,Oct,,
281,C_SJR225,San Joaquin River Flow at Gravelly Ford,exceedance,Nov,,
282,C_SJR225,San Joaquin River Flow at Gravelly Ford,exceedance,Dec,,
283,C_SJR225,San Joaquin River Flow at Gravelly Ford,monthly,Full Simulation Period,,
284,C_SJR225,San Joaquin River Flow at Gravelly Ford,monthly,Wet,,
285,C_SJR225,San Joaquin River Flow at Gravelly Ford,monthly,Above Normal,,
286,C_SJR225,San Joaquin River Flow at Gravelly Ford,monthly,Below Normal,,
287,C_SJR225,San Joaquin River Flow at Gravelly Ford,monthly,Dry,,
288,C_SJR225,San Joaquin River Flow at Gravelly Ford,monthly,Critical,,
289,C_SJR180,San Joaquin River Flow below Sack Dam,exceedance,Jan,,
290,C_SJR180,San Joaquin River Flow below Sack Dam,exceedance,Feb,,
291,C_SJR180,San Joaquin River Flow below Sack Dam,exceedance,Mar,,
292,C_SJR180,San Joaquin River Flow below Sack Dam,exceedance,Apr,,
293,C_SJR180,San Joaquin River Flow below Sack Dam,exceedance,May,,
294,C_SJR180,San Joaquin River Flow below Sack Dam,exceedance,Jun,,
295,C_SJR180,San Joaquin River Flow below Sack Dam,exceedance,Jul,,
296,C_SJR180,San Joaquin River Flow below Sack Dam,exceedance,Aug,,
297,C_SJR180,San Joaquin River Flow below Sack Dam,exceedance,Sep,,
298,C_SJR180,San Joaquin River Flow below Sack Dam,exceedance,Oct,,
299,C_SJR180,San Joaquin River Flow below Sack Dam,exceedance,Nov,,
300,C_SJR180,San Joaquin River Flow below Sack Dam,exceedance,Dec,,
301,C_SJR180,San Joaquin River Flow below Sack Dam,monthly,Full Simulation Period,,
302,C_SJR180,San Joaquin River Flow below Sack Dam,monthly,Wet,,
303,C_SJR180,San Joaquin River Flow below Sack Dam,monthly,Above Normal,,
304,C_SJR180,San Joaquin River Flow below Sack Dam,monthly,Below Normal,,
305,C_SJR180,San Joaquin River Flow below Sack Dam,monthly,Dry,,
306,C_SJR180,San Joaquin River Flow below Sack Dam,monthly,Critical,,
307,C_SJR115,San Joaquin River Flow below confluence with Merced,exceedance,Jan,,
308,C_SJR115,San Joaquin River Flow below confluence with Merced,exceedance,Feb,,
309,C_SJR115,San Joaquin River Flow below confluence with Merced,exceedance,Mar,,
310,C_SJR115,San Joaquin River Flow below confluence with Merced,exceedance,Apr,,
311,C_SJR115,San Joaquin River Flow below confluence with Merced,exceedance,May,,
312,C_SJR115,San Joaquin River Flow below confluence with Merced,exceedance,Jun,,
313,C_SJR115,San Joaquin River Flow below confluence with Merced,exceedance,Jul,,
314,C_SJR115,San Joaquin River Flow below confluence with Merced,exceedance,Aug,,
315,C_SJR115,San Joaquin River Flow below confluence with Merced,exceedance,Sep,,
316,C_SJR115,San Joaquin River Flow below confluence with Merced,exceedance,Oct,,
317,C_SJR115,San Joaquin River Flow below confluence with Merced,exceedance,Nov,,
318,C_SJR115,San Joaquin River Flow below confluence with Merced,exceedance,Dec,,
319,C_SJR115,San Joaquin River Flow below confluence with Merced,monthly,Full Simulation Period,,
320,C_SJR115,San Joaquin River Flow below confluence with Merced,monthly,Wet,,
321,C_SJR115,San Joaquin River Flow below confluence with Merced,monthly,Above Normal,,
322,C_SJR115,San Joaquin River Flow below confluence with Merced,monthly,Below Normal,,
323,C_SJR115,San Joaquin River Flow below confluence with Merced,monthly,Dry,,
324,C_SJR115,San Joaquin River Flow below confluence with Merced,monthly,Critical,,
325,C_STS059,Stanislaus River Flow below Goodwin,exceedance,Jan,,
326,C_STS059,Stanislaus River Flow below Goodwin,exceedance,Feb,,
327,C_STS059,Stanislaus River Flow below Goodwin,exceedance,Mar,,
328,C_STS059,Stanislaus River Flow below Goodwin,exceedance,Apr,,
329,C_STS059,Stanislaus River Flow below Goodwin,exceedance,May,,
330,C_STS059,Stanislaus River Flow below Goodwin,exceedance,Jun,,
331,C_STS059,Stanislaus River Flow below Goodwin,exceedance,Jul,,
332,C_STS059,Stanislaus River Flow below Goodwin,exceedance,Aug,,
333,C_STS059,Stanislaus River Flow below Goodwin,exceedance,Sep,,
334,C_STS059,Stanislaus River Flow below Goodwin,exceedance,Oct,,
335,C_STS059,Stanislaus River Flow below Goodwin,exceedance,Nov,,
336,C_STS059,Stanislaus River Flow below Goodwin,exceedance,Dec,,
337,C_STS059,Stanislaus River Flow below Goodwin,monthly,Full Simulation Period,,
338,C_STS059,Stanislaus River Flow below Goodwin,monthly,Wet,,
339,C_STS059,Stanislaus River Flow below Goodwin,monthly,Above Normal,,
340,C_STS059,Stanislaus River Flow below Goodwin,monthly,Below Normal,,
341,C_STS059,Stanislaus River Flow below Goodwin,monthly,Dry,,
342,C_STS059,Stanislaus River Flow below Goodwin,monthly,Critical,,
343,C_STS004,Stanislaus River Flow at Mouth,exceedance,Jan,,
344,C_STS004,Stanislaus River Flow at Mouth,exceedance,Feb,,
345,C_STS004,Stanislaus River Flow at Mouth,exceedance,Mar,,
346,C_STS004,Stanislaus River Flow at Mouth,exceedance,Apr,,
347,C_STS004,Stanislaus River Flow at Mouth,exceedance,May,,
348,C_STS004,Stanislaus River Flow at Mouth,exceedance,Jun,,
349,C_STS004,Stanislaus River Flow at Mouth,exceedance,Jul,,
350,C_STS004,Stanislaus River Flow at Mouth,exceedance,Aug,,
351,C_STS004,Stanislaus River Flow at Mouth,exceedance,Sep,,
352,C_STS004,Stanislaus River Flow at Mouth,exceedance,Oct,,
353,C_STS004,Stanislaus River Flow at Mouth,exceedance,Nov,,
354,C_STS004,Stanislaus River Flow at Mouth,exceedance,Dec,,
355,C_STS004,Stanislaus River Flow at Mouth,monthly,Full Simulation Period,,
356,C_STS004,Stanislaus River Flow at Mouth,monthly,Wet,,
357,C_STS004,Stanislaus River Flow at Mouth,monthly,Above Normal,,
358,C_STS004,Stanislaus River Flow at Mouth,monthly,Below Normal,,
359,C_STS004,Stanislaus River Flow at Mouth,monthly,Dry,,
360,C_STS004,Stanislaus River Flow at Mouth,monthly,Critical,,
361,C_SJR070,San Joaquin River at Vernalis,exceedance,Jan,,
362,C_SJR070,San Joaquin River at Vernalis,exceedance,Feb,,
363,C_SJR070,San Joaquin River at Vernalis,exceedance,Mar,,
364,C_SJR070,San Joaquin River at Vernalis,exceedance,Apr,,
365,C_SJR070,San Joaquin River at Vernalis,exceedance,May,,
366,C_SJR070,San Joaquin River at Vernalis,exceedance,Jun,,
367,C_SJR070,San Joaquin River at Vernalis,exceedance,Jul,,
368,C_SJR070,San Joaquin River at Vernalis,exceedance,Aug,,
369,C_SJR070,San Joaquin River at Vernalis,exceedance,Sep,,
370,C_SJR070,San Joaquin River at Vernalis,exceedance,Oct,,
371,C_SJR070,San Joaquin River at Vernalis,exceedance,Nov,,
372,C_SJR070,San Joaquin River at Vernalis,exceedance,Dec,,
373,C_SJR070,San Joaquin River at Vernalis,monthly,Full Simulation Period,,
374,C_SJR070,San Joaquin River at Vernalis,monthly,Wet,,
375,C_SJR070,San Joaquin River at Vernalis,monthly,Above Normal,,
376,C_SJR070,San Joaquin River at Vernalis,monthly,Below Normal,,
377,C_SJR070,San Joaquin River at Vernalis,monthly,Dry,,
378,C_SJR070,San Joaquin River at Vernalis,monthly,Critical,,
379,C_OMR014,Old and Middle River Flow,exceedance,Jan,,
380,C_OMR014,Old and Middle River Flow,exceedance,Feb,,
381,C_OMR014,Old and Middle River Flow,exceedance,Mar,,
382,C_OMR014,Old and Middle River Flow,exceedance,Apr,,
383,C_OMR014,Old and Middle River Flow,exceedance,May,,
384,C_OMR014,Old and Middle River Flow,exceedance,Jun,,
385,C_OMR014,Old and Middle River Flow,exceedance,Jul,,
386,C_OMR014,Old and Middle River Flow,exceedance,Aug,,
387,C_OMR014,Old and Middle River Flow,exceedance,Sep,,
388,C_OMR014,Old and Middle River Flow,exceedance,Oct,,
389,C_OMR014,Old and Middle River Flow,exceedance,Nov,,
390,C_OMR014,Old and Middle River Flow,exceedance,Dec,,
391,C_OMR014,Old and Middle River Flow,monthly,Full Simulation Period,,
392,C_OMR014,Old and Middle River Flow,monthly,Wet,,
393,C_OMR014,Old and Middle River Flow,monthly,Above Normal,,
394,C_OMR014,Old and Middle River Flow,monthly,Below Normal,,
395,C_OMR014,Old and Middle River Flow,monthly,Dry,,
396,C_OMR014,Old and Middle River Flow,monthly,Critical,,
397,NDO,Delta Outflow,exceedance,Jan,,
398,NDO,Delta Outflow,exceedance,Feb,,
399,NDO,Delta Outflow,exceedance,Mar,,
400,NDO,Delta Outflow,exceedance,Apr,,
401,NDO,Delta Outflow,exceedance,May,,
402,NDO,Delta Outflow,exceedance,Jun,,
403,NDO,Delta Outflow,exceedance,Jul,,
404,NDO,Delta Outflow,exceedance,Aug,,
405,NDO,Delta Outflow,exceedance,Sep,,
406,NDO,Delta Outflow,exceedance,Oct,,
407,NDO,Delta Outflow,exceedance,Nov,,
408,NDO,Delta Outflow,exceedance,Dec,,
409,NDO,Delta Outflow,monthly,Full Simulation Period,,
410,NDO,Delta Outflow,monthly,Wet,,
411,NDO,Delta Outflow,monthly,Above Normal,,
412,NDO,Delta Outflow,monthly,Below Normal,,
413,NDO,Delta Outflow,monthly,Dry,,
414,NDO,Delta Outflow,monthly,Critical,,
415,S_TRNTY_Storage,Trinity Lake Storage,exceedance,Jan,,
416,S_TRNTY_Storage,Trinity Lake Storage,exceedance,Feb,,
417,S_TRNTY_Storage,Trinity Lake Storage,exceedance,Mar,,
418,S_TRNTY_Storage,Trinity Lake Storage,exceedance,Apr,,
419,S_TRNTY_Storage,Trinity Lake Storage,exceedance,May,,
420,S_TRNTY_Storage,Trinity Lake Storage,exceedance,Jun,,
421,S_TRNTY_Storage,Trinity Lake Storage,exceedance,Jul,,
422,S_TRNTY_Storage,Trinity Lake Storage,exceedance,Aug,,
423,S_TRNTY_Storage,Trinity Lake Storage,exceedance,Sep,,
424,S_TRNTY_Storage,Trinity Lake Storage,exceedance,Oct,,
425,S_TRNTY_Storage,Trinity Lake Storage,exceedance,Nov,,
426,S_TRNTY_Storage,Trinity Lake Storage,exceedance,Dec,,
427,S_TRNTY_Storage,Trinity Lake Storage,monthly,Full Simulation Period,,
428,S_TRNTY_Storage,Trinity Lake Storage,monthly,Extremely Wet,,
429,S_TRNTY_Storage,Trinity Lake Storage,monthly,Wet,,
430,S_TRNTY_Storage,Trinity Lake Storage,monthly,Normal,,
431,S_TRNTY_Storage,Trinity Lake Storage,monthly,Dry,,
432,S_TRNTY_Storage,Trinity Lake Storage,monthly,Critically Dry,,
433,S_TRNTY_Elevation,Trinity Lake Elevation,exceedance,Jan,,
434,S_TRNTY_Elevation,Trinity Lake Elevation,exceedance,Feb,,
435,S_TRNTY_Elevation,Trinity Lake Elevation,exceedance,Mar,,
436,S_TRNTY_Elevation,Trinity Lake Elevation,exceedance,Apr,,
437,S_TRNTY_Elevation,Trinity Lake Elevation,exceedance,May,,
438,S_TRNTY_Elevation,Trinity Lake Elevation,exceedance,Jun,,
439,S_TRNTY_Elevation,Trinity Lake Elevation,exceedance,Jul,,
440,S_TRNTY_Elevation,Trinity Lake Elevation,exceedance,Aug,,
441,S_TRNTY_Elevation,Trinity Lake Elevation,exceedance,Sep,,
442,S_TRNTY_Elevation,Trinity Lake Elevation,exceedance,Oct,,
443,S_TRNTY_Elevation,Trinity Lake Elevation,exceedance,Nov,,
444,S_TRNTY_Elevation,Trinity Lake Elevation,exceedance,Dec,,
445,S_TRNTY_Elevation,Trinity Lake Elevation,monthly,Full Simulation Period,,
446,S_TRNTY_Elevation,Trinity Lake Elevation,monthly,Extremely Wet,,
447,S_TRNTY_Elevation,Trinity Lake Elevation,monthly,Wet,,
448,S_TRNTY_Elevation,Trinity Lake Elevation,monthly,Normal,,
449,S_TRNTY_Elevation,Trinity Lake Elevation,monthly,Dry,,
450,S_TRNTY_Elevation,Trinity Lake Elevation,monthly,Critically Dry,,
451,S_SHSTA_Storage,Shasta Lake Storage,exceedance,Jan,,
452,S_SHSTA_Storage,Shasta Lake Storage,exceedance,Feb,,
453,S_SHSTA_Storage,Shasta Lake Storage,exceedance,Mar,,
454,S_SHSTA_Storage,Shasta Lake Storage,exceedance,Apr,,
455,S_SHSTA_Storage,Shasta Lake Storage,exceedance,May,,
456,S_SHSTA_Storage,Shasta Lake Storage,exceedance,Jun,,
457,S_SHSTA_Storage,Shasta Lake Storage,exceedance,Jul,,
458,S_SHSTA_Storage,Shasta Lake Storage,exceedance,Aug,,
459,S_SHSTA_Storage,Shasta Lake Storage,exceedance,Sep,,
460,S_SHSTA_Storage,Shasta Lake Storage,exceedance,Oct,,
461,S_SHSTA_Storage,Shasta Lake Storage,exceedance,Nov,,
462,S_SHSTA_Storage,Shasta Lake Storage,exceedance,Dec,,
463,S_SHSTA_Storage,Shasta Lake Storage,monthly,Full Simulation Period,,
464,S_SHSTA_Storage,Shasta Lake Storage,monthly,Wet,,
465,S_SHSTA_Storage,Shasta Lake Storage,monthly,Above Normal,,
466,S_SHSTA_Storage,Shasta Lake Storage,monthly,Below Normal,,
467,S_SHSTA_Storage,Shasta Lake Storage,monthly,Dry,,
468,S_SHSTA_Storage,Shasta Lake Storage,monthly,Critical,,
469,S_SHSTA_Elevation,Shasta Lake Elevation,exceedance,Jan,,
470,S_SHSTA_Elevation,Shasta Lake Elevation,exceedance,Feb,,
471,S_SHSTA_Elevation,Shasta Lake Elevation,exceedance,Mar,,
472,S_SHSTA_Elevation,Shasta Lake Elevation,exceedance,Apr,,
473,S_SHSTA_Elevation,Shasta Lake Elevation,exceedance,May,,
474,S_SHSTA_Elevation,Shasta Lake Elevation,exceedance,Jun,,
475,S_SHSTA_Elevation,Shasta Lake Elevation,exceedance,Jul,,
476,S_SHSTA_Elevation,Shasta Lake Elevation,exceedance,Aug,,
477,S_SHSTA_Elevation,Shasta Lake Elevation,exceedance,Sep,,
478,S_SHSTA_Elevation,Shasta Lake Elevation,exceedance,Oct,,
479,S_SHSTA_Elevation,Shasta Lake Elevation,exceedance,Nov,,
480,S_SHSTA_Elevation,Shasta Lake Elevation,exceedance,Dec,,
481,S_SHSTA_Elevation,Shasta Lake Elevation,monthly,Full Simulation Period,,
482,S_SHSTA_Elevation,Shasta Lake Elevation,monthly,Wet,,
483,S_SHSTA_Elevation,Shasta Lake Elevation,monthly,Above Normal,,
484,S_SHSTA_Elevation,Shasta Lake Elevation,monthly,Below Normal,,
485,S_SHSTA_Elevation,Shasta Lake Elevation,monthly,Dry,,
486,S_SHSTA_Elevation,Shasta Lake Elevation,monthly,Critical,,
487,S_OROVL_Storage,Lake Oroville Storage,exceedance,Jan,,
488,S_OROVL_Storage,Lake Oroville Storage,exceedance,Feb,,
489,S_OROVL_Storage,Lake Oroville Storage,exceedance,Mar,,
490,S_OROVL_Storage,Lake Oroville Storage,exceedance,Apr,,
491,S_OROVL_Storage,Lake Oroville Storage,exceedance,May,,
492,S_OROVL_Storage,Lake Oroville Storage,exceedance,Jun,,
493,S_OROVL_Storage,Lake Oroville Storage,exceedance,Jul,,
494,S_OROVL_Storage,Lake Oroville Storage,exceedance,Aug,,
495,S_OROVL_Storage,Lake Oroville Storage,exceedance,Sep,,
496,S_OROVL_Storage,Lake Oroville Storage,exceedance,Oct,,
497,S_OROVL_Storage,Lake Oroville Storage,exceedance,Nov,,
498,S_OROVL_Storage,Lake Oroville Storage,exceedance,Dec,,
499,S_OROVL_Storage,Lake Oroville Storage,monthly,Full Simulation Period,,
500,S_OROVL_Storage,Lake Oroville Storage,monthly,Wet,,
501,S_OROVL_Storage,Lake Oroville Storage,monthly,Above Normal,,
502,S_OROVL_Storage,Lake Oroville Storage,monthly,Below Normal,,
503,S_OROVL_Storage,Lake Oroville Storage,monthly,Dry,,
504,S_OROVL_Storage,Lake Oroville Storage,monthly,Critical,,
505,S_OROVL_Elevation,Lake Oroville Elevation,exceedance,Jan,,
506,S_OROVL_Elevation,Lake Oroville Elevation,exceedance,Feb,,
507,S_OROVL_Elevation,Lake Oroville Elevation,exceedance,Mar,,
508,S_OROVL_Elevation,Lake Oroville Elevation,exceedance,Apr,,
509,S_OROVL_Elevation,Lake Oroville Elevation,exceedance,May,,
510,S_OROVL_Elevation,Lake Oroville Elevation,exceedance,Jun,,
511,S_OROVL_Elevation,Lake Oroville Elevation,exceedance,Jul,,
512,S_OROVL_Elevation,Lake Oroville Elevation,exceedance,Aug,,
513,S_OROVL_Elevation,Lake Oroville Elevation,exceedance,Sep,,
514,S_OROVL_Elevation,Lake Oroville Elevation,exceedance,Oct,,
515,S_OROVL_Elevation,Lake Oroville Elevation,exceedance,Nov,,
516,S_OROVL_Elevation,Lake Oroville Elevation,exceedance,Dec,,
517,S_OROVL_Elevation,Lake Oroville Elevation,monthly,Full Simulation Period,,
518,S_OROVL_Elevation,Lake Oroville Elevation,monthly,Wet,,
519,S_OROVL_Elevation,Lake Oroville Elevation,monthly,Above Normal,,
520,S_OROVL_Elevation,Lake Oroville Elevation,monthly,Below Normal,,
521,S_OROVL_Elevation,Lake Oroville Elevation,monthly,Dry,,
522,S_OROVL_Elevation,Lake Oroville Elevation,monthly,Critical,,
523,S_FOLSM_Storage,Folsom Lake Storage,exceedance,Jan,,
524,S_FOLSM_Storage,Folsom Lake Storage,exceedance,Feb,,
525,S_FOLSM_Storage,Folsom Lake Storage,exceedance,Mar,,
526,S_FOLSM_Storage,Folsom Lake Storage,exceedance,Apr,,
527,S_FOLSM_Storage,Folsom Lake Storage,exceedance,May,,
528,S_FOLSM_Storage,Folsom Lake Storage,exceedance,Jun,,
529,S_FOLSM_Storage,Folsom Lake Storage,exceedance,Jul,,
530,S_FOLSM_Storage,Folsom Lake Storage,exceedance,Aug,,
531,S_FOLSM_Storage,Folsom Lake Storage,exceedance,Sep,,
532,S_FOLSM_Storage,Folsom Lake Storage,exceedance,Oct,,
533,S_FOLSM_Storage,Folsom Lake Storage,exceedance,Nov,,
534,S_FOLSM_Storage,Folsom Lake Storage,exceedance,Dec,,
535,S_FOLSM_Storage,Folsom Lake Storage,monthly,Full Simulation Period,,
536,S_FOLSM_Storage,Folsom Lake Storage,monthly,Wet,,
537,S_FOLSM_Storage,Folsom Lake Storage,monthly,Above Normal,,
538,S_FOLSM_Storage,Folsom Lake Storage,monthly,Below Normal,,
539,S_FOLSM_Storage,Folsom Lake Storage,monthly,Dry,,
540,S_FOLSM_Storage,Folsom Lake Storage,monthly,Critical,,
541,S_FOLSM_Elevation,Folsom Lake Elevation,exceedance,Jan,,
542,S_FOLSM_Elevation,Folsom Lake Elevation,exceedance,Feb,,
543,S_FOLSM_Elevation,Folsom Lake Elevation,exceedance,Mar,,
544,S_FOLSM_Elevation,Folsom Lake Elevation,exceedance,Apr,,
545,S_FOLSM_Elevation,Folsom Lake Elevation,exceedance,May,,
546,S_FOLSM_Elevation,Folsom Lake Elevation,exceedance,Jun,,
547,S_FOLSM_Elevation,Folsom Lake Elevation,exceedance,Jul,,
548,S_FOLSM_Elevation,Folsom Lake Elevation,exceedance,Aug,,
549,S_FOLSM_Elevation,Folsom Lake Elevation,exceedance,Sep,,
550,S_FOLSM_Elevation,Folsom Lake Elevation,exceedance,Oct,,
551,S_FOLSM_Elevation,Folsom Lake Elevation,exceedance,Nov,,
552,S_FOLSM_Elevation,Folsom Lake Elevation,exceedance,Dec,,
553,S_FOLSM_Elevation,Folsom Lake Elevation,monthly,Full Simulation Period,,
554,S_FOLSM_Elevation,Folsom Lake Elevation,monthly,Wet,,
555,S_FOLSM_Elevation,Folsom Lake Elevation,monthly,Above Normal,,
556,S_FOLSM_Elevation,Folsom Lake Elevation,monthly,Below Normal,,
557,S_FOLSM_Elevation,Folsom Lake Elevation,monthly,Dry,,
558,S_FOLSM_Elevation,Folsom Lake Elevation,monthly,Critical,,
559,S_SLUIS_Storage,San Luis Storage (CVP and SWP),exceedance,Jan,,
560,S_SLUIS_Storage,San Luis Storage (CVP and SWP),exceedance,Feb,,
561,S_SLUIS_Storage,San Luis Storage (CVP and SWP),exceedance,Mar,,
562,S_SLUIS_Storage,San Luis Storage (CVP and SWP),exceedance,Apr,,
563,S_SLUIS_Storage,San Luis Storage (CVP and SWP),exceedance,May,,
564,S_SLUIS_Storage,San Luis Storage (CVP and SWP),exceedance,Jun,,
565,S_SLUIS_Storage,San Luis Storage (CVP and SWP),exceedance,Jul,,
566,S_SLUIS_Storage,San Luis Storage (CVP and SWP),exceedance,Aug,,
567,S_SLUIS_Storage,San Luis Storage (CVP and SWP),exceedance,Sep,,
568,S_SLUIS_Storage,San Luis Storage (CVP and SWP),exceedance,Oct,,
569,S_SLUIS_Storage,San Luis Storage (CVP and SWP),exceedance,Nov,,
570,S_SLUIS_Storage,San Luis Storage (CVP and SWP),exceedance,Dec,,
571,S_SLUIS_Storage,San Luis Storage (CVP and SWP),monthly,Full Simulation Period,,
572,S_SLUIS_Storage,San Luis Storage (CVP and SWP),monthly,Wet,,
573,S_SLUIS_Storage,San Luis Storage (CVP and SWP),monthly,Above Normal,,
574,S_SLUIS_Storage,San Luis Storage (CVP and SWP),monthly,Below Normal,,
575,S_SLUIS_Storage,San Luis Storage (CVP and SWP),monthly,Dry,,
576,S_SLUIS_Storage,San Luis Storage (CVP and SWP),monthly,Critical,,
577,S_SLUIS_Elevation,San Luis Reservoir (SWP and CVP) Elevation,exceedance,Jan,,
578,S_SLUIS_Elevation,San Luis Reservoir (SWP and CVP) Elevation,exceedance,Feb,,
579,S_SLUIS_Elevation,San Luis Reservoir (SWP and CVP) Elevation,exceedance,Mar,,
580,S_SLUIS_Elevation,San Luis Reservoir (SWP and CVP) Elevation,exceedance,Apr,,
581,S_SLUIS_Elevation,San Luis Reservoir (SWP and CVP) Elevation,exceedance,May,,
582,S_SLUIS_Elevation,San Luis Reservoir (SWP and CVP) Elevation,exceedance,Jun,,
583,S_SLUIS_Elevation,San Luis Reservoir (SWP and CVP) Elevation,exceedance,Jul,,
584,S_SLUIS_Elevation,San Luis Reservoir (SWP and CVP) Elevation,exceedance,Aug,,
585,S_SLUIS_Elevation,San Luis Reservoir (SWP and CVP) Elevation,exceedance,Sep,,
586,S_SLUIS_Elevation,San Luis Reservoir (SWP and CVP) Elevation,exceedance,Oct,,
587,S_SLUIS_Elevation,San Luis Reservoir (SWP and CVP) Elevation,exceedance,Nov,,
588,S_SLUIS_Elevation,San Luis Reservoir (SWP and CVP) Elevation,exceedance,Dec,,
589,S_SLUIS_Elevation,San Luis Reservoir (SWP and CVP) Elevation,monthly,Full Simulation Period,,
590,S_SLUIS_Elevation,San Luis Reservoir (SWP and CVP) Elevation,monthly,Wet,,
591,S_SLUIS_Elevation,San Luis Reservoir (SWP and CVP) Elevation,monthly,Above Normal,,
592,S_SLUIS_Elevation,San Luis Reservoir (SWP and CVP) Elevation,monthly,Below Normal,,
593,S_SLUIS_Elevation,San Luis Reservoir (SWP and CVP) Elevation,monthly,Dry,,
594,S_SLUIS_Elevation,San Luis Reservoir (SWP and CVP) Elevation,monthly,Critical,,
595,S_SLUIS_CVP_Storage,San Luis CVP Storage,exceedance,Jan,,
596,S_SLUIS_CVP_Storage,San Luis CVP Storage,exceedance,Feb,,
597,S_SLUIS_CVP_Storage,San Luis CVP Storage,exceedance,Mar,,
598,S_SLUIS_CVP_Storage,San Luis CVP Storage,exceedance,Apr,,
599,S_SLUIS_CVP_Storage,San Luis CVP Storage,exceedance,May,,
600,S_SLUIS_CVP_Storage,San Luis CVP Storage,exceedance,Jun,,
601,S_SLUIS_CVP_Storage,San Luis CVP Storage,exceedance,Jul,,
602,S_SLUIS_CVP_Storage,San Luis CVP Storage,exceedance,Aug,,
603,S_SLUIS_CVP_Storage,San Luis CVP Storage,exceedance,Sep,,
604,S_SLUIS_CVP_Storage,San Luis CVP Storage,exceedance,Oct,,
605,S_SLUIS_CVP_Storage,San Luis CVP Storage,exceedance,Nov,,
606,S_SLUIS_CVP_Storage,San Luis CVP Storage,exceedance,Dec,,
607,S_SLUIS_CVP_Storage,San Luis CVP Storage,monthly,Full Simulation Period,,
608,S_SLUIS_CVP_Storage,San Luis CVP Storage,monthly,Wet,,
609,S_SLUIS_CVP_Storage,San Luis CVP Storage,monthly,Above Normal,,
610,S_SLUIS_CVP_Storage,San Luis CVP Storage,monthly,Below Normal,,
611,S_SLUIS_CVP_Storage,San Luis CVP Storage,monthly,Dry,,
612,S_SLUIS_CVP_Storage,San Luis CVP Storage,monthly,Critical,,
613,S_SLUIS_SWP_Storage,San Luis SWP Storage,exceedance,Jan,,
614,S_SLUIS_SWP_Storage,San Luis SWP Storage,exceedance,Feb,,
615,S_SLUIS_SWP_Storage,San Luis SWP Storage,exceedance,Mar,,
616,S_SLUIS_SWP_Storage,San Luis SWP Storage,exceedance,Apr,,
617,S_SLUIS_SWP_Storage,San Luis SWP Storage,exceedance,May,,
618,S_SLUIS_SWP_Storage,San Luis SWP Storage,exceedance,Jun,,
619,S_SLUIS_SWP_Storage,San Luis SWP Storage,exceedance,Jul,,
620,S_SLUIS_SWP_Storage,San Luis SWP Storage,exceedance,Aug,,
621,S_SLUIS_SWP_Storage,San Luis SWP Storage,exceedance,Sep,,
622,S_SLUIS_SWP_Storage,San Luis SWP Storage,exceedance,Oct,,
623,S_SLUIS_SWP_Storage,San Luis SWP Storage,exceedance,Nov,,
624,S_SLUIS_SWP_Storage,San Luis SWP Storage,exceedance,Dec,,
625,S_SLUIS_SWP_Storage,San Luis SWP Storage,monthly,Full Simulation Period,,
626,S_SLUIS_SWP_Storage,San Luis SWP Storage,monthly,Wet,,
627,S_SLUIS_SWP_Storage,San Luis SWP Storage,monthly,Above Normal,,
628,S_SLUIS_SWP_Storage,San Luis SWP Storage,monthly,Below Normal,,
629,S_SLUIS_SWP_Storage,San Luis SWP Storage,monthly,Dry,,
630,S_SLUIS_SWP_Storage,San Luis SWP Storage,monthly,Critical,,
631,S_MELON_Storage,New Melones Reservoir Storage,exceedance,Jan,,
632,S_MELON_Storage,New Melones Reservoir Storage,exceedance,Feb,,
633,S_MELON_Storage,New Melones Reservoir Storage,exceedance,Mar,,
634,S_MELON_Storage,New Melones Reservoir Storage,exceedance,Apr,,
635,S_MELON_Storage,New Melones Reservoir Storage,exceedance,May,,
636,S_MELON_Storage,New Melones Reservoir Storage,exceedance,Jun,,
637,S_MELON_Storage,New Melones Reservoir Storage,exceedance,Jul,,
638,S_MELON_Storage,New Melones Reservoir Storage,exceedance,Aug,,
639,S_MELON_Storage,New Melones Reservoir Storage,exceedance,Sep,,
640,S_MELON_Storage,New Melones Reservoir Storage,exceedance,Oct,,
641,S_MELON_Storage,New Melones Reservoir Storage,exceedance,Nov,,
642,S_MELON_Storage,New Melones Reservoir Storage,exceedance,Dec,,
643,S_MELON_Storage,New Melones Reservoir Storage,monthly,Full Simulation Period,,
644,S_MELON_Storage,New Melones Reservoir Storage,monthly,Wet,,
645,S_MELON_Storage,New Melones Reservoir Storage,monthly,Above Normal,,
646,S_MELON_Storage,New Melones Reservoir Storage,monthly,Below Normal,,
647,S_MELON_Storage,New Melones Reservoir Storage,monthly,Dry,,
648,S_MELON_Storage,New Melones Reservoir Storage,monthly,Critical,,
649,S_MELON_Elevation,New Melones Reservoir Elevation,exceedance,Jan,,
650,S_MELON_Elevation,New Melones Reservoir Elevation,exceedance,Feb,,
651,S_MELON_Elevation,New Melones Reservoir Elevation,exceedance,Mar,,
652,S_MELON_Elevation,New Melones Reservoir Elevation,exceedance,Apr,,
653,S_MELON_Elevation,New Melones Reservoir Elevation,exceedance,May,,
654,S_MELON_Elevation,New Melones Reservoir Elevation,exceedance,Jun,,
655,S_MELON_Elevation,New Melones Reservoir Elevation,exceedance,Jul,,
656,S_MELON_Elevation,New Melones Reservoir Elevation,exceedance,Aug,,
657,S_MELON_Elevation,New Melones Reservoir Elevation,exceedance,Sep,,
658,S_MELON_Elevation,New Melones Reservoir Elevation,exceedance,Oct,,
659,S_MELON_Elevation,New Melones Reservoir Elevation,exceedance,Nov,,
660,S_MELON_Elevation,New Melones Reservoir Elevation,exceedance,Dec,,
661,S_MELON_Elevation,New Melones Reservoir Elevation,monthly,Full Simulation Period,,
662,S_MELON_Elevation,New Melones Reservoir Elevation,monthly,Wet,,
663,S_MELON_Elevation,New Melones Reservoir Elevation,monthly,Above Normal,,
664,S_MELON_Elevation,New Melones Reservoir Elevation,monthly,Below Normal,,
665,S_MELON_Elevation,New Melones Reservoir Elevation,monthly,Dry,,
666,S_MELON_Elevation,New Melones Reservoir Elevation,monthly,Critical,,
667,S_MLRTN_Storage,Millerton Lake Storage,exceedance,Jan,,
668,S_MLRTN_Storage,Millerton Lake Storage,exceedance,Feb,,
669,S_MLRTN_Storage,Millerton Lake Storage,exceedance,Mar,,
670,S_MLRTN_Storage,Millerton Lake Storage,exceedance,Apr,,
671,S_MLRTN_Storage,Millerton Lake Storage,exceedance,May,,
672,S_MLRTN_Storage,Millerton Lake Storage,exceedance,Jun,,
673,S_MLRTN_Storage,Millerton Lake Storage,exceedance,Jul,,
674,S_MLRTN_Storage,Millerton Lake Storage,exceedance,Aug,,
675,S_MLRTN_Storage,Millerton Lake Storage,exceedance,Sep,,
676,S_MLRTN_Storage,Millerton Lake Storage,exceedance,Oct,,
677,S_MLRTN_Storage,Millerton Lake Storage,exceedance,Nov,,
678,S_MLRTN_Storage,Millerton Lake Storage,exceedance,Dec,,
679,S_MLRTN_Storage,Millerton Lake Storage,monthly,Full Simulation Period,,
680,S_MLRTN_Storage,Millerton Lake Storage,monthly,Wet,,
681,S_MLRTN_Storage,Millerton Lake Storage,monthly,Above Normal,,
682,S_MLRTN_Storage,Millerton Lake Storage,monthly,Below Normal,,
683,S_MLRTN_Storage,Millerton Lake Storage,monthly,Dry,,
684,S_MLRTN_Storage,Millerton Lake Storage,monthly,Critical,,
685,S_MLRTN_Elevation,Millerton Lake Elevation,exceedance,Jan,,
686,S_MLRTN_Elevation,Millerton Lake Elevation,exceedance,Feb,,
687,S_MLRTN_Elevation,Millerton Lake Elevation,exceedance,Mar,,
688,S_MLRTN_Elevation,Millerton Lake Elevation,exceedance,Apr,,
689,S_MLRTN_Elevation,Millerton Lake Elevation,exceedance,May,,
690,S_MLRTN_Elevation,Millerton Lake Elevation,exceedance,Jun,,
691,S_MLRTN_Elevation,Millerton Lake Elevation,exceedance,Jul,,
692,S_MLRTN_Elevation,Millerton Lake Elevation,exceedance,Aug,,
693,S_MLRTN_Elevation,Millerton Lake Elevation,exceedance,Sep,,
694,S_MLRTN_Elevation,Millerton Lake Elevation,exceedance,Oct,,
695,S_MLRTN_Elevation,Millerton Lake Elevation,exceedance,Nov,,
696,S_MLRTN_Elevation,Millerton Lake Elevation,exceedance,Dec,,
697,S_MLRTN_Elevation,Millerton Lake Elevation,monthly,Full Simulation Period,,
698,S_MLRTN_Elevation,Millerton Lake Elevation,monthly,Wet,,
699,S_MLRTN_Elevation,Millerton Lake Elevation,monthly,Above Normal,,
700,S_MLRTN_Elevation,Millerton Lake Elevation,monthly,Below Normal,,
701,S_MLRTN_Elevation,Millerton Lake Elevation,monthly,Dry,,
702,S_MLRTN_Elevation,Millerton Lake Elevation,monthly,Critical,,
703,D_LWSTN_CCT011,Clear Creek Tunnel Flow (Trinity Import),exceedance,Jan,,
704,D_LWSTN_CCT011,Clear Creek Tunnel Flow (Trinity Import),exceedance,Feb,,
705,D_LWSTN_CCT011,Clear Creek Tunnel Flow (Trinity Import),exceedance,Mar,,
706,D_LWSTN_CCT011,Clear Creek Tunnel Flow (Trinity Import),exceedance,Apr,,
707,D_LWSTN_CCT011,Clear Creek Tunnel Flow (Trinity Import),exceedance,May,,
708,D_LWSTN_CCT011,Clear Creek Tunnel Flow (Trinity Import),exceedance,Jun,,
709,D_LWSTN_CCT011,Clear Creek Tunnel Flow (Trinity Import),exceedance,Jul,,
710,D_LWSTN_CCT011,Clear Creek Tunnel Flow (Trinity Import),exceedance,Aug,,
711,D_LWSTN_CCT011,Clear Creek Tunnel Flow (Trinity Import),exceedance,Sep,,
712,D_LWSTN_CCT011,Clear Creek Tunnel Flow (Trinity Import),exceedance,Oct,,
713,D_LWSTN_CCT011,Clear Creek Tunnel Flow (Trinity Import),exceedance,Nov,,
714,D_LWSTN_CCT011,Clear Creek Tunnel Flow (Trinity Import),exceedance,Dec,,
715,D_LWSTN_CCT011,Clear Creek Tunnel Flow (Trinity Import),monthly,Full Simulation Period,,
716,D_LWSTN_CCT011,Clear Creek Tunnel Flow (Trinity Import),monthly,Wet,,
717,D_LWSTN_CCT011,Clear Creek Tunnel Flow (Trinity Import),monthly,Above Normal,,
718,D_LWSTN_CCT011,Clear Creek Tunnel Flow (Trinity Import),monthly,Below Normal,,
719,D_LWSTN_CCT011,Clear Creek Tunnel Flow (Trinity Import),monthly,Dry,,
720,D_LWSTN_CCT011,Clear Creek Tunnel Flow (Trinity Import),monthly,Critical,,
721,D_SAC240_TCC001,Red Bluff Diversion - Tehama Colusa Canal,exceedance,Jan,,
722,D_SAC240_TCC001,Red Bluff Diversion - Tehama Colusa Canal,exceedance,Feb,,
723,D_SAC240_TCC001,Red Bluff Diversion - Tehama Colusa Canal,exceedance,Mar,,
724,D_SAC240_TCC001,Red Bluff Diversion - Tehama Colusa Canal,exceedance,Apr,,
725,D_SAC240_TCC001,Red Bluff Diversion - Tehama Colusa Canal,exceedance,May,,
726,D_SAC240_TCC001,Red Bluff Diversion - Tehama Colusa Canal,exceedance,Jun,,
727,D_SAC240_TCC001,Red Bluff Diversion - Tehama Colusa Canal,exceedance,Jul,,
728,D_SAC240_TCC001,Red Bluff Diversion - Tehama Colusa Canal,exceedance,Aug,,
729,D_SAC240_TCC001,Red Bluff Diversion - Tehama Colusa Canal,exceedance,Sep,,
730,D_SAC240_TCC001,Red Bluff Diversion - Tehama Colusa Canal,exceedance,Oct,,
731,D_SAC240_TCC001,Red Bluff Diversion - Tehama Colusa Canal,exceedance,Nov,,
732,D_SAC240_TCC001,Red Bluff Diversion - Tehama Colusa Canal,exceedance,Dec,,
733,D_SAC240_TCC001,Red Bluff Diversion - Tehama Colusa Canal,monthly,Full Simulation Period,,
734,D_SAC240_TCC001,Red Bluff Diversion - Tehama Colusa Canal,monthly,Wet,,
735,D_SAC240_TCC001,Red Bluff Diversion - Tehama Colusa Canal,monthly,Above Normal,,
736,D_SAC240_TCC001,Red Bluff Diversion - Tehama Colusa Canal,monthly,Below Normal,,
737,D_SAC240_TCC001,Red Bluff Diversion - Tehama Colusa Canal,monthly,Dry,,
738,D_SAC240_TCC001,Red Bluff Diversion - Tehama Colusa Canal,monthly,Critical,,
739,D_SAC207_GCC007,Hamilton City Diversion - Glenn Colusa Canal,exceedance,Jan,,
740,D_SAC207_GCC007,Hamilton City Diversion - Glenn Colusa Canal,exceedance,Feb,,
741,D_SAC207_GCC007,Hamilton City Diversion - Glenn Colusa Canal,exceedance,Mar,,
742,D_SAC207_GCC007,Hamilton City Diversion - Glenn Colusa Canal,exceedance,Apr,,
743,D_SAC207_GCC007,Hamilton City Diversion - Glenn Colusa Canal,exceedance,May,,
744,D_SAC207_GCC007,Hamilton City Diversion - Glenn Colusa Canal,exceedance,Jun,,
745,D_SAC207_GCC007,Hamilton City Diversion - Glenn Colusa Canal,exceedance,Jul,,
746,D_SAC207_GCC007,Hamilton City Diversion - Glenn Colusa Canal,exceedance,Aug,,
747,D_SAC207_GCC007,Hamilton City Diversion - Glenn Colusa Canal,exceedance,Sep,,
748,D_SAC207_GCC007,Hamilton City Diversion - Glenn Colusa Canal,exceedance,Oct,,
749,D_SAC207_GCC007,Hamilton City Diversion - Glenn Colusa Canal,exceedance,Nov,,
750,D_SAC207_GCC007,Hamilton City Diversion - Glenn Colusa Canal,exceedance,Dec,,
751,D_SAC207_GCC007,Hamilton City Diversion - Glenn Colusa Canal,monthly,Full Simulation Period,,
752,D_SAC207_GCC007,Hamilton City Diversion - Glenn Colusa Canal,monthly,Wet,,
753,D_SAC207_GCC007,Hamilton City Diversion - Glenn Colusa Canal,monthly,Above Normal,,
754,D_SAC207_GCC007,Hamilton City Diversion - Glenn Colusa Canal,monthly,Below Normal,,
755,D_SAC207_GCC007,Hamilton City Diversion - Glenn Colusa Canal,monthly,Dry,,
756,D_SAC207_GCC007,Hamilton City Diversion - Glenn Colusa Canal,monthly,Critical,,
757,D_NTOMA_FSC003,Folsom South Canal Diversion,exceedance,Jan,,
758,D_NTOMA_FSC003,Folsom South Canal Diversion,exceedance,Feb,,
759,D_NTOMA_FSC003,Folsom South Canal Diversion,exceedance,Mar,,
760,D_NTOMA_FSC003,Folsom South Canal Diversion,exceedance,Apr,,
761,D_NTOMA_FSC003,Folsom South Canal Diversion,exceedance,May,,
762,D_NTOMA_FSC003,Folsom South Canal Diversion,exceedance,Jun,,
763,D_NTOMA_FSC003,Folsom South Canal Diversion,exceedance,Jul,,
764,D_NTOMA_FSC003,Folsom South Canal Diversion,exceedance,Aug,,
765,D_NTOMA_FSC003,Folsom South Canal Diversion,exceedance,Sep,,
766,D_NTOMA_FSC003,Folsom South Canal Diversion,exceedance,Oct,,
767,D_NTOMA_FSC003,Folsom South Canal Diversion,exceedance,Nov,,
768,D_NTOMA_FSC003,Folsom South Canal Diversion,exceedance,Dec,,
769,D_NTOMA_FSC003,Folsom South Canal Diversion,monthly,Full Simulation Period,,
770,D_NTOMA_FSC003,Folsom South Canal Diversion,monthly,Wet,,
771,D_NTOMA_FSC003,Folsom South Canal Diversion,monthly,Above Normal,,
772,D_NTOMA_FSC003,Folsom South Canal Diversion,monthly,Below Normal,,
773,D_NTOMA_FSC003,Folsom South Canal Diversion,monthly,Dry,,
774,D_NTOMA_FSC003,Folsom South Canal Diversion,monthly,Critical,,
775,D_MLRTN_FRK000,Friant-Kern Canal Diversion,exceedance,Jan,,
776,D_MLRTN_FRK000,Friant-Kern Canal Diversion,exceedance,Feb,,
777,D_MLRTN_FRK000,Friant-Kern Canal Diversion,exceedance,Mar,,
778,D_MLRTN_FRK000,Friant-Kern Canal Diversion,exceedance,Apr,,
779,D_MLRTN_FRK000,Friant-Kern Canal Diversion,exceedance,May,,
780,D_MLRTN_FRK000,Friant-Kern Canal Diversion,exceedance,Jun,,
781,D_MLRTN_FRK000,Friant-Kern Canal Diversion,exceedance,Jul,,
782,D_MLRTN_FRK000,Friant-Kern Canal Diversion,exceedance,Aug,,
783,D_MLRTN_FRK000,Friant-Kern Canal Diversion,exceedance,Sep,,
784,D_MLRTN_FRK000,Friant-Kern Canal Diversion,exceedance,Oct,,
785,D_MLRTN_FRK000,Friant-Kern Canal Diversion,exceedance,Nov,,
786,D_MLRTN_FRK000,Friant-Kern Canal Diversion,exceedance,Dec,,
787,D_MLRTN_FRK000,Friant-Kern Canal Diversion,monthly,Full Simulation Period,,
788,D_MLRTN_FRK000,Friant-Kern Canal Diversion,monthly,Wet,,
789,D_MLRTN_FRK000,Friant-Kern Canal Diversion,monthly,Above Normal,,
790,D_MLRTN_FRK000,Friant-Kern Canal Diversion,monthly,Below Normal,,
791,D_MLRTN_FRK000,Friant-Kern Canal Diversion,monthly,Dry,,
792,D_MLRTN_FRK000,Friant-Kern Canal Diversion,monthly,Critical,,
793,D_MLRTN_MDC006,Madera Canal Diversion,exceedance,Jan,,
794,D_MLRTN_MDC006,Madera Canal Diversion,exceedance,Feb,,
795,D_MLRTN_MDC006,Madera Canal Diversion,exceedance,Mar,,
796,D_MLRTN_MDC006,Madera Canal Diversion,exceedance,Apr,,
797,D_MLRTN_MDC006,Madera Canal Diversion,exceedance,May,,
798,D_MLRTN_MDC006,Madera Canal Diversion,exceedance,Jun,,
799,D_MLRTN_MDC006,Madera Canal Diversion,exceedance,Jul,,
800,D_MLRTN_MDC006,Madera Canal Diversion,exceedance,Aug,,
801,D_MLRTN_MDC006,Madera Canal Diversion,exceedance,Sep,,
802,D_MLRTN_MDC006,Madera Canal Diversion,exceedance,Oct,,
803,D_MLRTN_MDC006,Madera Canal Diversion,exceedance,Nov,,
804,D_MLRTN_MDC006,Madera Canal Diversion,exceedance,Dec,,
805,D_MLRTN_MDC006,Madera Canal Diversion,monthly,Full Simulation Period,,
806,D_MLRTN_MDC006,Madera Canal Diversion,monthly,Wet,,
807,D_MLRTN_MDC006,Madera Canal Diversion,monthly,Above Normal,,
808,D_MLRTN_MDC006,Madera Canal Diversion,monthly,Below Normal,,
809,D_MLRTN_MDC006,Madera Canal Diversion,monthly,Dry,,
810,D_MLRTN_MDC006,Madera Canal Diversion,monthly,Critical,,
811,D_SAC030_MOK014,DCC Flow,exceedance,Jan,,
812,D_SAC030_MOK014,DCC Flow,exceedance,Feb,,
813,D_SAC030_MOK014,DCC Flow,exceedance,Mar,,
814,D_SAC030_MOK014,DCC Flow,exceedance,Apr,,
815,D_SAC030_MOK014,DCC Flow,exceedance,May,,
816,D_SAC030_MOK014,DCC Flow,exceedance,Jun,,
817,D_SAC030_MOK014,DCC Flow,exceedance,Jul,,
818,D_SAC030_MOK014,DCC Flow,exceedance,Aug,,
819,D_SAC030_MOK014,DCC Flow,exceedance,Sep,,
820,D_SAC030_MOK014,DCC Flow,exceedance,Oct,,
821,D_SAC030_MOK014,DCC Flow,exceedance,Nov,,
822,D_SAC030_MOK014,DCC Flow,exceedance,Dec,,
823,D_SAC030_MOK014,DCC Flow,monthly,Full Simulation Period,,
824,D_SAC030_MOK014,DCC Flow,monthly,Wet,,
825,D_SAC030_MOK014,DCC Flow,monthly,Above Normal,,
826,D_SAC030_MOK014,DCC Flow,monthly,Below Normal,,
827,D_SAC030_MOK014,DCC Flow,monthly,Dry,,
828,D_SAC030_MOK014,DCC Flow,monthly,Critical,,
829,TOTAL_EXP,Total Delta Exports,exceedance,Jan,,
830,TOTAL_EXP,Total Delta Exports,exceedance,Feb,,
831,TOTAL_EXP,Total Delta Exports,exceedance,Mar,,
832,TOTAL_EXP,Total Delta Exports,exceedance,Apr,,
833,TOTAL_EXP,Total Delta Exports,exceedance,May,,
834,TOTAL_EXP,Total Delta Exports,exceedance,Jun,,
835,TOTAL_EXP,Total Delta Exports,exceedance,Jul,,
836,TOTAL_EXP,Total Delta Exports,exceedance,Aug,,
837,TOTAL_EXP,Total Delta Exports,exceedance,Sep,,
838,TOTAL_EXP,Total Delta Exports,exceedance,Oct,,
839,TOTAL_EXP,Total Delta Exports,exceedance,Nov,,
840,TOTAL_EXP,Total Delta Exports,exceedance,Dec,,
841,TOTAL_EXP,Total Delta Exports,monthly,Full Simulation Period,,
842,TOTAL_EXP,Total Delta Exports,monthly,Wet,,
843,TOTAL_EXP,Total Delta Exports,monthly,Above Normal,,
844,TOTAL_EXP,Total Delta Exports,monthly,Below Normal,,
845,TOTAL_EXP,Total Delta Exports,monthly,Dry,,
846,TOTAL_EXP,Total Delta Exports,monthly,Critical,,
847,C_DMC003,Jones PP Exports,exceedance,Jan,,
848,C_DMC003,Jones PP Exports,exceedance,Feb,,
849,C_DMC003,Jones PP Exports,exceedance,Mar,,
850,C_DMC003,Jones PP Exports,exceedance,Apr,,
851,C_DMC003,Jones PP Exports,exceedance,May,,
852,C_DMC003,Jones PP Exports,exceedance,Jun,,
853,C_DMC003,Jones PP Exports,exceedance,Jul,,
854,C_DMC003,Jones PP Exports,exceedance,Aug,,
855,C_DMC003,Jones PP Exports,exceedance,Sep,,
856,C_DMC003,Jones PP Exports,exceedance,Oct,,
857,C_DMC003,Jones PP Exports,exceedance,Nov,,
858,C_DMC003,Jones PP Exports,exceedance,Dec,,
859,C_DMC003,Jones PP Exports,monthly,Full Simulation Period,,
860,C_DMC003,Jones PP Exports,monthly,Wet,,
861,C_DMC003,Jones PP Exports,monthly,Above Normal,,
862,C_DMC003,Jones PP Exports,monthly,Below Normal,,
863,C_DMC003,Jones PP Exports,monthly,Dry,,
864,C_DMC003,Jones PP Exports,monthly,Critical,,
865,C_CAA003_CVP,CVP Banks PP Exports,exceedance,Jan,,
866,C_CAA003_CVP,CVP Banks PP Exports,exceedance,Feb,,
867,C_CAA003_CVP,CVP Banks PP Exports,exceedance,Mar,,
868,C_CAA003_CVP,CVP Banks PP Exports,exceedance,Apr,,
869,C_CAA003_CVP,CVP Banks PP Exports,exceedance,May,,
870,C_CAA003_CVP,CVP Banks PP Exports,exceedance,Jun,,
871,C_CAA003_CVP,CVP Banks PP Exports,exceedance,Jul,,
872,C_CAA003_CVP,CVP Banks PP Exports,exceedance,Aug,,
873,C_CAA003_CVP,CVP Banks PP Exports,exceedance,Sep,,
874,C_CAA003_CVP,CVP Banks PP Exports,exceedance,Oct,,
875,C_CAA003_CVP,CVP Banks PP Exports,exceedance,Nov,,
876,C_CAA003_CVP,CVP Banks PP Exports,exceedance,Dec,,
877,C_CAA003_CVP,CVP Banks PP Exports,monthly,Full Simulation Period,,
878,C_CAA003_CVP,CVP Banks PP Exports,monthly,Wet,,
879,C_CAA003_CVP,CVP Banks PP Exports,monthly,Above Normal,,
880,C_CAA003_CVP,CVP Banks PP Exports,monthly,Below Normal,,
881,C_CAA003_CVP,CVP Banks PP Exports,monthly,Dry,,
882,C_CAA003_CVP,CVP Banks PP Exports,monthly,Critical,,
883,C_CAA003_SWP,SWP Banks PP Exports,exceedance,Jan,,
884,C_CAA003_SWP,SWP Banks PP Exports,exceedance,Feb,,
885,C_CAA003_SWP,SWP Banks PP Exports,exceedance,Mar,,
886,C_CAA003_SWP,SWP Banks PP Exports,exceedance,Apr,,
887,C_CAA003_SWP,SWP Banks PP Exports,exceedance,May,,
888,C_CAA003_SWP,SWP Banks PP Exports,exceedance,Jun,,
889,C_CAA003_SWP,SWP Banks PP Exports,exceedance,Jul,,
890,C_CAA003_SWP,SWP Banks PP Exports,exceedance,Aug,,
891,C_CAA003_SWP,SWP Banks PP Exports,exceedance,Sep,,
892,C_CAA003_SWP,SWP Banks PP Exports,exceedance,Oct,,
893,C_CAA003_SWP,SWP Banks PP Exports,exceedance,Nov,,
894,C_CAA003_SWP,SWP Banks PP Exports,exceedance,Dec,,
895,C_CAA003_SWP,SWP Banks PP Exports,monthly,Full Simulation Period,,
896,C_CAA003_SWP,SWP Banks PP Exports,monthly,Wet,,
897,C_CAA003_SWP,SWP Banks PP Exports,monthly,Above Normal,,
898,C_CAA003_SWP,SWP Banks PP Exports,monthly,Below Normal,,
899,C_CAA003_SWP,SWP Banks PP Exports,monthly,Dry,,
900,C_CAA003_SWP,SWP Banks PP Exports,monthly,Critical,,
901,D_DMC007_CAA009,DMC - CA Intertie Flow,exceedance,Jan,,
902,D_DMC007_CAA009,DMC - CA Intertie Flow,exceedance,Feb,,
903,D_DMC007_CAA009,DMC - CA Intertie Flow,exceedance,Mar,,
904,D_DMC007_CAA009,DMC - CA Intertie Flow,exceedance,Apr,,
905,D_DMC007_CAA009,DMC - CA Intertie Flow,exceedance,May,,
906,D_DMC007_CAA009,DMC - CA Intertie Flow,exceedance,Jun,,
907,D_DMC007_CAA009,DMC - CA Intertie Flow,exceedance,Jul,,
908,D_DMC007_CAA009,DMC - CA Intertie Flow,exceedance,Aug,,
909,D_DMC007_CAA009,DMC - CA Intertie Flow,exceedance,Sep,,
910,D_DMC007_CAA009,DMC - CA Intertie Flow,exceedance,Oct,,
911,D_DMC007_CAA009,DMC - CA Intertie Flow,exceedance,Nov,,
912,D_DMC007_CAA009,DMC - CA Intertie Flow,exceedance,Dec,,
913,D_DMC007_CAA009,DMC - CA Intertie Flow,monthly,Full Simulation Period,,
914,D_DMC007_CAA009,DMC - CA Intertie Flow,monthly,Wet,,
915,D_DMC007_CAA009,DMC - CA Intertie Flow,monthly,Above Normal,,
916,D_DMC007_CAA009,DMC - CA Intertie Flow,monthly,Below Normal,,
917,D_DMC007_CAA009,DMC - CA Intertie Flow,monthly,Dry,,
918,D_DMC007_CAA009,DMC - CA Intertie Flow,monthly,Critical,,
